項次,照片,姓名,發掘經過,性別,生日,"出生地
(父母戶籍所在地)",國籍,民族,"籍貫
(祖父戶籍所在地)",黨派,身分證號碼,護照號碼,電話,行動電話,電子信箱,現職單位,現居地址,通訊地址,"親屬關係
(職稱，姓名)",經歷(單位，職稱，任職期間),學歷,網路帳號,"著作
(名稱，共同作者)","參與活動
(活動名稱，參與人士)","重要友人
(姓名，單位，關聯事件)",經常出入場所,出國紀錄,備註,建檔時間,建檔人,最後更新時間,最後更新人
0,0001,范立,業務黃三三114年1月透由約聘人員汪一德轉介結識。,男,1988-06-07 00:00:00,上海市,中國,滿族,江蘇,,320204197608071330,EJ9804516,+8113457839955,13357913171,"84313835435671@qq.com
fanli555@gmail.com",東京大學經濟系研究生一年級,東京都品川,上海市惠暢里小區50號60室,"父：范統
母：吳春華",上海華為公司國際商務部，實習生，2021年6-8月,復旦大學經濟系,"FB：100009163673467
抖音：2160535467
微博：lilifzn111（用戶名：鋤禾不苦）
微信：wxid_f7g78ox8z21349",以運動經濟推进中国式现代化的决定策略，江南海,"「中」日建交75周年慶祝茶會，中國駐日代表薛健、副代表孫一真、商務部駐日參讚王桂鍾、東京都知事川崎朗、東京都議員鈴木康一
棒球社團，中國總商會青年會副會長張三、東京華為公司工程師黃文偉、陳亮、全家便利商店店員吳士達","張三，中國總商會東京華僑青年會副會長，中共東京使館中秋節慶祝活動工作人員
李賜，早稻田大學政治系博士一年級，大學辯論社學長學弟
佐藤真美子，住友不動產株式會社職員，女友",,"2015年1月，台灣2018年2月，美國
2019年7月，泰國",,,,,
1,0002,趙威,業務黃二二114年4月透由約聘人員蘇妮轉介結識。,男,1975-04-15 00:00:00,海南省三亞市,中國,漢,海南省三亞市,,460004197502151560,,+8613884937455,13884937455,vigor666@126.com,煙台大學中文系,山東省煙臺市文山區大江路,山東省煙臺市文山區大江路,妻：項依潔      女：趙小惠     子：趙小偉,山東煙台大學，中文系教師， 2001.7-迄今,,,多功能菜刀,煙台大學2024文化欣賞活動，邀請趙馥樂任藝術講師,,,,,,,,
2,0003,項依潔,114年5月透由區內徵信查獲資訊,女,1975-10-29 00:00:00,山東省煙臺市,中國,漢,山東省煙臺市,,370629197510294987,,+8613573590064,13573590064,ruru215@163.com,煙台大學文學與新聞傳播學系副教授,山東省煙臺市文山區大江路,山東省煙臺市文山區大江路,"夫：趙威
 女：趙小惠
 子：趙小偉",煙臺大學，人文學院副教授， 2000迄今,,,"《唐詩三百首》的價值，趙威
 2013《論漢代詩歌中的防災救災主題》，趙威",,"張濤 ，北京師範大學歷史學院（博士生導師）
北京師範大學易學文化研究中心（主任）
中國易學文化研究會（會長），2011至2018年間與項永琴共同發表《中國古代城市排洪防災解析與借鑒》、《產翁制·濤組與生殖崇拜的變化》、《中國傳統救災思想研究》、《秦漢齊魯經學》",,,,,,,
3,0004,李光,114年4月30日博覽會發掘,男,1990-05-17 00:00:00,山東省,中國,漢,山東省,,371082199005173613,,+861335687453,+861335687453,erty@sina.com,麗星郵輪總務,台北市中山區,台北市中山區,"父：李立朝（1962.12.2）
母：江彩芹（1961.11.11）",麗星郵輪海員,,,,,蕭大方，麗星郵輪維修部主任，蕭大方介紹李光入職,,,,,,,
4,0005,沈家新,111年透由王大陸介紹,女,1978-09-18 00:00:00,,中國,漢,上海市,,32020419780918162X,,,"+8613357912344
0917851414",,永慶房屋仲介,臺北市萬華區,臺北市萬華區,夫：蕭大方                     女：蕭圓圓,,北護專,"FB：100009163384924
、100032652349399（沈員幫女兒蕭圓圓創的）
、100092577066960（蕭大方）
 抖音：2160535827",,,,,,,,,,
5,0006,唐伯虎,112年透由蔡怡萱介紹,男,1967-08-20 00:00:00,,中國,漢,湖南永州,,,,,17188407888,"bhtang@gmail.com
loverongbh@yahoo.com",50藍西門店店長,,,,,,FB(未再使用) ：100063587324567,,,姜大宇，新聞最嗨點主持人，於X上恭賀新年快樂。,,,,,,,
6,0007,楊習五,112年透由蔡怡萱介紹,男,1983-04-23 00:00:00,,中國,漢,山東省,,入台許可證號113330495794,,,"0933-549-070
0988-206-038",hi@ailleurslab.com,momo藝術策畫經理,新北市新店區文化路,新北市新店區文化路,"妻：姜恩為
 岳母：賴月英
 小叔：姜大宇","1. 法國貝桑松高等美術學院客座教授，待查
2. 法國留尼旺高等美術學院客座教授，待查
3. ACEA藝術文化教育協會 創辦人，2015年       瀋陽市「別處」美術館館長，2018年
4. 蓓蔻城堡國際藝術駐留工作， 2020年
5. 臺灣巫登益美術館新北館館長，2022年","1. 法國貝桑松高等美術學院，學士
2. 英國哈德斯菲爾德大學，碩士
3. 法國博艮第大學藝術史與藝術管理 ，博士",,,,趙馥樂，具長時間北京工作經歷（實習生、總監），FB臺籍好友,,,,,,,
7,0008,李青春,113年透由邱阿霞介紹,女,1983-07-10 00:00:00,四川省,中國,漢,四川省,,,,,0935-787-122,,旭東廣告工程,,,夫：羅大佑                     女：羅亞璇        表妹：姜恩為,社團法人羅東鎮新住民關懷服務協會總幹事，現職,,,,,"常雨，陸配閨蜜，FBUID:100005521629975
楊玉皙，陸配閨蜜，FBUID:100004792441549
武新莉，陸配閨蜜，FBUID:100006498932852                              
邱還真，羅東鎮新住民關懷協會理事長，共同場域
女神美婕美甲(1120701-FB貼文)
黃心田，羅東鎮新住民關懷協會常務監事，共同場域
女神美婕美甲(1120701-FB貼文)
馬晶，鳳之韻旗袍協會理事長共同場域
女神美婕美甲(1120701-FB貼文)",女神美甲美睫,,,,,,
8,0009,邱還真,113年透由邱阿霞介紹,女,,,中華民國,,,,,,,,,羅東鎮新住民關懷協會理事長,宜蘭,,女：黃心田,,,,,"20230423(台)鳳之韻新住民旗袍關懷協會餐敘
20230808福建平潭綜合試驗區申辦區內銀行帳戶及手機門號
20231203廣東廣州第十七屆世界海南香團聯誼大會「港灣大融合共享新機遇」，美、日、阿、越、德、柬、丹麥、奧地利等國同鄉會及商會
20231205廣東世界婦女論壇
20240815湖北恩師女兒會
20241223雲南未來生物贏家論壇",馬晶，鳳之韻旗袍協會理事長，共同場域鳳之韻旗袍協會第一次會員大會暨餐敘聯誼 (1120423-FB貼文),,,,,,,
9,0010,黃心田,113年透由邱阿霞介紹,女,,,中華民國,,,,,,,,,羅東鎮新住民關懷協會常務監事,宜蘭,,母：邱還真,,淡江大學,,,,羅亞璇，淡江大學同學,,,,,,,
10,0011,羅亞璇,,女,,,,,,,入台許可證號114665295794,,,,,大創有限公司副總經理,台北市中正區,,,,,,,,,,,,,,,
11,0012,李光,,女,1993-12-05 00:00:00,新北市蘆洲,中華民國,,,,F113456987,,,,,大創有限公司人事主管,新北市蘆洲,,,,,,,,,,,,,,,
12,,,,,,,,,,,,,,,,,,,,,,,,,,,,,,,,
